{"cameraMode":{"drawMode":0,"name":"Shaded","section":"Shading Mode"},"sceneLighting":false,"audioPlay":false,"sceneViewState":{"showFog":false,"showMaterialUpdate":false,"showSkybox":false,"showFlares":true,"showImageEffects":true,"showParticleSystems":true},"in2DMode":false,"pivot":{"x":3.5991601943969728,"y":-2.3610281944274904,"z":-16.566316604614259},"rotation":{"x":-0.20067064464092256,"y":-0.36223727464675906,"z":0.08016981929540634,"w":-0.9066930413246155},"size":6.467659950256348,"orthographic":false}